{"0": {"total": 474, "mean_size": [0.7111933827400208, 0.46469321846961975, 0.7938793301582336]}, "1": {"total": 822, "mean_size": [0.9211229681968689, 1.3625330924987793, 0.8819664716720581]}, "2": {"total": 1400, "mean_size": [0.8311040997505188, 1.001955270767212, 0.8249514102935791]}, "3": {"total": 4676, "mean_size": [0.6501781940460205, 0.7425282597541809, 0.6539243459701538]}, "4": {"total": 767, "mean_size": [0.5052761435508728, 0.46655094623565674, 0.39484739303588867]}, "5": {"total": 577, "mean_size": [1.5695228576660156, 0.7998828291893005, 1.551472783088684]}, "6": {"total": 2611, "mean_size": [1.222423791885376, 0.670425534248352, 1.1516075134277344]}, "7": {"total": 1041, "mean_size": [0.379880428314209, 0.4789138436317444, 0.37530916929244995]}, "8": {"total": 164, "mean_size": [0.4200538098812103, 0.39884617924690247, 0.4116644561290741]}, "9": {"total": 85, "mean_size": [0.4221160113811493, 0.3697732090950012, 0.42844247817993164]}, "10": {"total": 355, "mean_size": [2.0108978748321533, 1.1570639610290527, 2.071697473526001]}, "11": {"total": 62, "mean_size": [1.0523931980133057, 0.5602253675460815, 1.122969388961792]}, "12": {"total": 3, "mean_size": [0.2757261395454407, 0.34258660674095154, 0.2521466314792633]}, "13": {"total": 12, "mean_size": [0.3647310435771942, 0.1829546093940735, 0.37930968403816223]}, "14": {"total": 1, "mean_size": [0.31359046697616577, 0.47445476055145264, 0.354195237159729]}, "15": {"total": 1, "mean_size": [0.32850146293640137, 0.11601889133453369, 0.3206861615180969]}, "16": {"total": 15, "mean_size": [0.22750577330589294, 0.3600828945636749, 0.26800140738487244]}, "17": {"total": 60, "mean_size": [0.37024977803230286, 0.03424132987856865, 0.2464524656534195]}, "18": {"total": 37, "mean_size": [0.49786385893821716, 0.605124831199646, 0.5248644948005676]}, "19": {"total": 22, "mean_size": [0.4262906014919281, 0.34556499123573303, 0.4680485725402832]}, "20": {"total": 292, "mean_size": [0.6423740386962891, 0.7909834384918213, 0.6504051685333252]}, "21": {"total": 19, "mean_size": [0.43273890018463135, 0.9057009816169739, 0.3928013741970062]}, "22": {"total": 1, "mean_size": [0.26731419563293457, 0.4288133978843689, 0.2716052532196045]}, "23": {"total": 135, "mean_size": [0.3420960307121277, 0.5956206917762756, 0.3372146785259247]}, "24": {"total": 51, "mean_size": [0.37191107869148254, 0.22265824675559998, 0.3594713807106018]}, "25": {"total": 4, "mean_size": [0.8201830983161926, 0.6000510454177856, 0.7937523126602173]}, "26": {"total": 99, "mean_size": [0.4728468656539917, 0.3430190682411194, 0.4727112352848053]}, "27": {"total": 4, "mean_size": [1.1744309663772583, 1.1295292377471924, 1.0375128984451294]}, "28": {"total": 30, "mean_size": [1.2604384422302246, 0.7929303050041199, 1.0388511419296265]}, "29": {"total": 3, "mean_size": [0.4512476921081543, 0.35198602080345154, 0.4203002452850342]}, "30": {"total": 37, "mean_size": [0.5606234669685364, 0.8667924404144287, 0.5530998706817627]}, "31": {"total": 128, "mean_size": [0.6912238597869873, 0.7482600212097168, 0.6556761860847473]}, "32": {"total": 92, "mean_size": [0.8888176083564758, 1.1037018299102783, 0.8692052960395813]}, "33": {"total": 1, "mean_size": [0.24784493446350098, 0.10761499404907227, 0.23662567138671875]}, "34": {"total": 121, "mean_size": [0.9032483100891113, 1.0582741498947144, 0.9036132097244263]}}